{
    "lossw_ce": 1.0,
    "lossw_dcm": 0.602415784583637,
    "lossw_entropy": 0.001399823547641,
    "lossw_flyp": 0.002952903289908,
    "lossw_hinge": 0.002603733882702229,
    "lossw_l1init": 0.001179899732446,
    "lossw_l1zero": 2.5763022758e-05,
    "lossw_l2init": 0.000253599290312,
    "lossw_l2zero": 0.002181962965356,
    "seed": 32,
    "lr": 2.519719900061502e-05,
    "wd": 0.44415795184444584
}
