{
    "lossw_ce": 1.0,
    "lossw_dcm": 0.055812612818434755,
    "lossw_entropy": 0.18685140161584365,
    "lossw_flyp": 0.6629755367074557,
    "lossw_hinge": 0.07245470763609867,
    "lossw_l1init": 0.4238204731290246,
    "lossw_l1zero": 0.0010131595452689756,
    "lossw_l2init": 0.0009066682979299492,
    "lossw_l2zero": 0.10584641690715227,
    "seed": 2,
    "lr": 3.0252531512970088e-06,
    "wd": 0.2093816747380023
}
