{
    "lossw_ce": 1.0,
    "lossw_dcm": 0.6223533993940668,
    "lossw_entropy": 0.0004681301224610,
    "lossw_flyp": 1.9056561834926824,
    "lossw_hinge": 0.00015961210291135,
    "lossw_l1init": 0.00154953790283812,
    "lossw_l1zero": 0.00019307479126688,
    "lossw_l2init": 0.0001726603186429,
    "lossw_l2zero": 0.0001090242975318,
    "seed": 34,
    "lr": 0.0001362453128517931,
    "wd": 0.604213756042692
}